{
	"appId": "br.unicamp.ic.saude",
	"appName": "saude",
	"webDir": "dist",
	"plugins": {
		"GoogleAuth": {
			"scopes": [
				"profile",
				"email"
			],
			"serverClientId": "843150656287-dv7a61ulrln5qfs5u3armp3vjaqk991n.apps.googleusercontent.com",
			"grantOfflineAccess": true,
			"forceCodeForRefreshToken": true
		},
		"SplashScreen": {
			"launchShowDuration": 3000,
			"autoHide": true,
			"backgroundColor": "#3b82f6",
			"spinnerColor": "#f59e0b",
			"splashFullScreen": true,
			"splashImmersive": true
		}
	}
}
